{
    "BOSCH": 0.8863680378393932,
    "MIELE": 0.7777105747295772,
    "LG": 0.8572596077998972,
    "SHARP": 0.08683374350624924,
    "MIDEA": 0.0,
    "WHIRLPOOL": 0.8597106565818166,
    "GE": 0.9135524817843325,
    "SAMSUNG": 1.0,
    "SMEG": 0.11164338450803474,
    "BERTAZZONI": 0.24679822600499937,
    "ELECTROLUX": 0.7571226714370619,
    "TOWER": 0.29771569202142595,
    "DE": 0.22067978588643536,
    "PANASONIC": 0.09347065094496797,
    "TOSHIBA": 0.4024071215171031,
    "MITSUBISHI": 0.4341687175312462,
    "PHILIPS": 0.04903082177422335,
    "HISENSE": 0.2605012305187477,
    "TURBO": 0.09347065094496797,
    "TIGER": 0.04903082177422335,
    "ROWENTA": 0.04903082177422335,
    "BEKO": 0.08268163275868518,
    "BREVILLE": 0.1586028065583933
}