{
    "BOSCH": 0.8177165995107901,
    "MIELE": 0.7467749114597004,
    "WHIRLPOOL": 0.6836473607032668,
    "GE": 0.7748467789259404,
    "LG": 0.9413116199337004,
    "SHARP": 0.6689275256101548,
    "MIDEA": 0.7718253661668587,
    "SAMSUNG": 1.0,
    "SMEG": 0.2549333973297195,
    "BERTAZZONI": 0.3489162108305461,
    "ELECTROLUX": 0.8895844011969861,
    "DE": 0.7143394522009621,
    "TOWER": 0.6689275256101548,
    "PANASONIC": 0.2836462757591722,
    "TOSHIBA": 0.4989928639800671,
    "MITSUBISHI": 0.5366303020372497,
    "HISENSE": 0.4778315360048475,
    "PHILIPS": 0.21008515927132917,
    "TURBO": 0.34825025222544065,
    "TIGER": 0.08024254090037654,
    "BEKO": 0.0,
    "ROWENTA": 0.39557461408697586,
    "BREVILLE": 0.39557461408697586
}