{"WHIRLPOOL":{"positive":0.1896488149,"neutral":0.2906465949,"negative":0.132809322,"popularity":0.1202857462},"LG":{"positive":0.4884476443,"neutral":2.4695547181,"negative":0.4995278465,"popularity":1.0},"SAMSUNG":{"positive":0.5294765946,"neutral":0.1544826745,"negative":1.209216487,"popularity":0.0792158266},"GE":{"positive":0.3187494156,"neutral":0.0773670357,"negative":0.3892156509,"popularity":0.1146004982},"TOSHIBA":{"positive":0.0,"neutral":0.0,"negative":0.0243902439,"popularity":0.0},"MIDEA":{"positive":0.0,"neutral":0.0388829975,"negative":0.0,"popularity":0.0110988155},"SHARP":{"positive":0.0,"neutral":0.0243902439,"negative":0.0068493151,"popularity":0.007447165},"ELECTROLUX":{"positive":0.0260315985,"neutral":0.0754366662,"negative":0.0873320831,"popularity":0.015461159},"MIELE":{"positive":0.0612761781,"neutral":0.0516520536,"negative":0.0410092404,"popularity":0.0436347091},"BOSCH":{"positive":0.0442421012,"neutral":0.1229256034,"negative":0.1094122923,"popularity":0.0286048568},"GOOGLE":{"positive":0.0183100606,"neutral":0.0080046124,"negative":0.0314533787,"popularity":0.0120465719},"HOOVER":{"positive":0.0,"neutral":0.0059171598,"negative":0.0,"popularity":0.0060060995},"ARISTON":{"positive":0.0,"neutral":0.0,"negative":0.0014771049,"popularity":0.0047635357},"SMEG":{"positive":0.0,"neutral":0.0,"negative":0.0066225166,"popularity":0.0036844072},"MITSUBISHI":{"positive":0.0,"neutral":0.0066225166,"negative":0.0066225166,"popularity":0.004728002}}